"Feature Name"|"ID"|"Class"|"County"|"State"|"Latitude"|"Longitude"|"Ele(ft)"|"Map"|"BGN Date"|"Entry Date"|
"11th and Columbia Playground"|"2741230"|"Park"|"Philadelphia"|"PA"|"395843N"|"0750905W"|"72"|"Philadelphia"|""|"01-OCT-2012"
"12th & Cambria Playground"|"2741231"|"Park"|"Philadelphia"|"PA"|"395949N"|"0750857W"|"89"|"Philadelphia"|""|"01-OCT-2012"
"12th & Cambria Playground"|"2741330"|"Park"|"Philadelphia"|"PA"|"395948N"|"0750857W"|"89"|"Philadelphia"|""|"01-OCT-2012"
"20th and Tioga Ballfield"|"2741245"|"Park"|"Philadelphia"|"PA"|"400028N"|"0750943W"|"125"|"Germantown"|""|"01-OCT-2012"
"22nd and Catharine Park"|"2741246"|"Park"|"Philadelphia"|"PA"|"395632N"|"0751046W"|"39"|"Philadelphia"|""|"01-OCT-2012"
"22nd and Ontario Playground"|"2741247"|"Park"|"Philadelphia"|"PA"|"400023N"|"0750956W"|"138"|"Germantown"|""|"01-OCT-2012"
"29th and Chalmers Park"|"2741248"|"Park"|"Philadelphia"|"PA"|"400000N"|"0751045W"|"148"|"Philadelphia"|""|"01-OCT-2012"
"33rd and Wallace Playground"|"2741249"|"Park"|"Philadelphia"|"PA"|"395755N"|"0751127W"|"105"|"Philadelphia"|""|"01-OCT-2012"
"37th &and Mount Vernon Playground"|"2741250"|"Park"|"Philadelphia"|"PA"|"395750N"|"0751147W"|"105"|"Philadelphia"|""|"01-OCT-2012"
"39th and Olive Playground"|"2741252"|"Park"|"Philadelphia"|"PA"|"395757N"|"0751203W"|"105"|"Philadelphia"|""|"01-OCT-2012"
"3rd and Norris Playground"|"2741255"|"Park"|"Philadelphia"|"PA"|"395852N"|"0750821W"|"39"|"Philadelphia"|""|"01-OCT-2012"
"48th and Woodland Playground"|"2347314"|"Park"|"Philadelphia"|"PA"|"395630N"|"0751238W"|"79"|"Philadelphia"|""|"23-AUG-2007"
"75th and Chelwynde Park"|"2741257"|"Park"|"Philadelphia"|"PA"|"395437N"|"0751435W"|"30"|"Philadelphia"|""|"01-OCT-2012"
"8th and Diamond Playground"|"2741258"|"Park"|"Philadelphia"|"PA"|"395859N"|"0750851W"|"62"|"Philadelphia"|""|"01-OCT-2012"
"Allegheny Square"|"1168174"|"Park"|"Philadelphia"|"PA"|"395910N"|"0750612W"|"26"|"Camden"|""|"02-AUG-1979"
"Allens Lane Park"|"2741274"|"Park"|"Philadelphia"|"PA"|"400305N"|"0751211W"|"335"|"Germantown"|""|"01-OCT-2012"
"American Legion Playground"|"2741279"|"Park"|"Philadelphia"|"PA"|"400107N"|"0750313W"|"30"|"Frankford"|""|"01-OCT-2012"
"Amos Playground"|"2741281"|"Park"|"Philadelphia"|"PA"|"395855N"|"0750937W"|"98"|"Philadelphia"|""|"01-OCT-2012"
"Aramingo Square"|"1207920"|"Park"|"Philadelphia"|"PA"|"395850N"|"0750705W"|"13"|"Camden"|""|"01-MAR-1990"
"Aviator Park"|"2741293"|"Park"|"Philadelphia"|"PA"|"395729N"|"0751019W"|"33"|"Philadelphia"|""|"01-OCT-2012"
"Bainbridge Green"|"2741296"|"Park"|"Philadelphia"|"PA"|"395626N"|"0750857W"|"30"|"Philadelphia"|""|"01-OCT-2012"
"Baker Playground"|"2741297"|"Park"|"Philadelphia"|"PA"|"395838N"|"0751352W"|"128"|"Philadelphia"|""|"01-OCT-2012"
"Bardascino Park"|"2741301"|"Park"|"Philadelphia"|"PA"|"395616N"|"0750936W"|"33"|"Philadelphia"|""|"01-OCT-2012"
"Barnes and Loney Park"|"2347023"|"Park"|"Philadelphia"|"PA"|"400437N"|"0750511W"|"223"|"Frankford"|""|"23-AUG-2007"
"Barry Playground"|"2741303"|"Park"|"Philadelphia"|"PA"|"395457N"|"0751044W"|"16"|"Philadelphia"|""|"01-OCT-2012"
"Bartram Gardens Park"|"1168788"|"Park"|"Philadelphia"|"PA"|"395554N"|"0751243W"|"36"|"Philadelphia"|""|"02-AUG-1979"
"Beck Park"|"2741304"|"Park"|"Philadelphia"|"PA"|"395611N"|"0750847W"|"23"|"Philadelphia"|""|"01-OCT-2012"
"Belfield Playground"|"2347043"|"Park"|"Philadelphia"|"PA"|"400231N"|"0750924W"|"230"|"Germantown"|""|"23-AUG-2007"
"Belmont Park (historical)"|"1206999"|"Park"|"Philadelphia"|"PA"|"400042N"|"0751453W"|"315"|"Germantown"|""|"01-JAN-1990"
"Ben Barkan Park"|"2741305"|"Park"|"Philadelphia"|"PA"|"395714N"|"0751318W"|"105"|"Philadelphia"|""|"01-OCT-2012"
"Benjamin Rush State Park"|"2426089"|"Park"|"Philadelphia"|"PA"|"400710N"|"0745836W"|"125"|"Beverly"|""|"22-APR-2008"
"Benson Park"|"2741306"|"Park"|"Philadelphia"|"PA"|"395825N"|"0750834W"|"33"|"Philadelphia"|""|"01-OCT-2012"
"Binswanger Triangle"|"2741308"|"Park"|"Philadelphia"|"PA"|"395746N"|"0751038W"|"39"|"Philadelphia"|""|"01-OCT-2012"
"Boone Park"|"1208020"|"Park"|"Philadelphia"|"PA"|"400130N"|"0751305W"|"184"|"Germantown"|""|"01-MAR-1990"
"Bradford Park"|"2741311"|"Park"|"Philadelphia"|"PA"|"400300N"|"0750315W"|"102"|"Frankford"|""|"01-OCT-2012"
"Bringhurst Park"|"2741314"|"Park"|"Philadelphia"|"PA"|"400201N"|"0750956W"|"233"|"Germantown"|""|"01-OCT-2012"
"Buckley Park"|"2741316"|"Park"|"Philadelphia"|"PA"|"400424N"|"0751209W"|"381"|"Germantown"|""|"01-OCT-2012"
"Buist Park"|"2741318"|"Park"|"Philadelphia"|"PA"|"395507N"|"0751359W"|"46"|"Philadelphia"|""|"01-OCT-2012"
"Burholme Park"|"1170718"|"Park"|"Philadelphia"|"PA"|"400404N"|"0750525W"|"180"|"Frankford"|""|"02-AUG-1979"
"Burke Playground"|"2741319"|"Park"|"Philadelphia"|"PA"|"395516N"|"0750902W"|"13"|"Philadelphia"|""|"01-OCT-2012"
"CCA Baldi Playground"|"2741299"|"Park"|"Philadelphia"|"PA"|"400533N"|"0750302W"|"128"|"Frankford"|""|"01-OCT-2012"
"Capitolo Playground"|"2741320"|"Park"|"Philadelphia"|"PA"|"395602N"|"0750935W"|"26"|"Philadelphia"|""|"01-OCT-2012"
"Carmella Playground"|"2741327"|"Park"|"Philadelphia"|"PA"|"400041N"|"0750428W"|"33"|"Frankford"|""|"01-OCT-2012"
"Carpenter Woods"|"1171250"|"Park"|"Philadelphia"|"PA"|"400247N"|"0751202W"|"299"|"Germantown"|""|"02-AUG-1979"
"Cassiano Park"|"2741332"|"Park"|"Philadelphia"|"PA"|"395909N"|"0750823W"|"62"|"Philadelphia"|""|"01-OCT-2012"
"Cedar Park"|"2741334"|"Park"|"Philadelphia"|"PA"|"395654N"|"0751323W"|"102"|"Philadelphia"|""|"01-OCT-2012"
"Chalfont Playground"|"2741545"|"Park"|"Philadelphia"|"PA"|"400445N"|"0745828W"|"49"|"Beverly"|""|"09-OCT-2012"
"Cherashore Playground"|"2741546"|"Park"|"Philadelphia"|"PA"|"400217N"|"0750811W"|"135"|"Germantown"|""|"09-OCT-2012"
"Chew Playground"|"2741547"|"Park"|"Philadelphia"|"PA"|"395618N"|"0751027W"|"36"|"Philadelphia"|""|"09-OCT-2012"
"Christ Church Park"|"2741548"|"Park"|"Philadelphia"|"PA"|"395701N"|"0750838W"|"33"|"Philadelphia"|""|"09-OCT-2012"
"Cianfrani Park"|"2741550"|"Park"|"Philadelphia"|"PA"|"395627N"|"0750920W"|"36"|"Philadelphia"|""|"09-OCT-2012"
"Cibotti Playground"|"2741551"|"Park"|"Philadelphia"|"PA"|"395431N"|"0751457W"|"23"|"Philadelphia"|""|"09-OCT-2012"
"Citizens Bank Park"|"2044562"|"Park"|"Philadelphia"|"PA"|"395427N"|"0750954W"|"20"|"Philadelphia"|""|"23-AUG-2004"
"Clara Muhammad Square"|"1173639"|"Park"|"Philadelphia"|"PA"|"395816N"|"0751301W"|"105"|"Philadelphia"|""|"02-AUG-1979"
"Clark Park"|"1171914"|"Park"|"Philadelphia"|"PA"|"395650N"|"0751236W"|"39"|"Philadelphia"|""|"02-AUG-1979"
"Clarkson Park"|"2741552"|"Park"|"Philadelphia"|"PA"|"400210N"|"0750842W"|"184"|"Germantown"|""|"09-OCT-2012"
"Claybord and Lewis Playground"|"2741553"|"Park"|"Philadelphia"|"PA"|"395825N"|"0751156W"|"75"|"Philadelphia"|""|"09-OCT-2012"
"Clearview Park"|"2741554"|"Park"|"Philadelphia"|"PA"|"395430N"|"0751445W"|"30"|"Philadelphia"|""|"09-OCT-2012"
"Clemente Playground"|"2741555"|"Park"|"Philadelphia"|"PA"|"395757N"|"0751006W"|"89"|"Philadelphia"|""|"09-OCT-2012"
"Clifford Park"|"1172001"|"Park"|"Philadelphia"|"PA"|"400202N"|"0751123W"|"217"|"Germantown"|""|"02-AUG-1979"
"Cliveden Park"|"1172022"|"Park"|"Philadelphia"|"PA"|"400306N"|"0751037W"|"269"|"Germantown"|""|"02-AUG-1979"
"Cloverly Park"|"1172036"|"Park"|"Philadelphia"|"PA"|"400132N"|"0751050W"|"246"|"Germantown"|""|"02-AUG-1979"
"Cobbs Creek Park"|"1172100"|"Park"|"Philadelphia"|"PA"|"395808N"|"0751557W"|"141"|"Lansdowne"|""|"02-AUG-1979"
"Cohocksink Recreation Center"|"1207918"|"Park"|"Philadelphia"|"PA"|"395903N"|"0750647W"|"20"|"Camden"|""|"01-MAR-1990"
"Conestoga Community Playground"|"2741556"|"Park"|"Philadelphia"|"PA"|"395831N"|"0751343W"|"121"|"Philadelphia"|""|"09-OCT-2012"
"Connell Park"|"2741557"|"Park"|"Philadelphia"|"PA"|"395523N"|"0751350W"|"72"|"Philadelphia"|""|"10-OCT-2012"
"Conshohocken-Windermere Playground"|"2741558"|"Park"|"Philadelphia"|"PA"|"400007N"|"0751230W"|"230"|"Germantown"|""|"10-OCT-2012"
"Coxe Park"|"2741559"|"Park"|"Philadelphia"|"PA"|"395724N"|"0751032W"|"20"|"Philadelphia"|""|"10-OCT-2012"
"Daly Park"|"2741561"|"Park"|"Philadelphia"|"PA"|"400000N"|"0750902W"|"85"|"Philadelphia"|""|"10-OCT-2012"
"Daniel Boyle Playground"|"2741310"|"Park"|"Philadelphia"|"PA"|"400720N"|"0750028W"|"230"|"Frankford"|""|"01-OCT-2012"
"Delancey Park"|"2741562"|"Park"|"Philadelphia"|"PA"|"395639N"|"0750852W"|"26"|"Philadelphia"|""|"10-OCT-2012"
"Deni Playground"|"2741564"|"Park"|"Philadelphia"|"PA"|"400045N"|"0750532W"|"33"|"Frankford"|""|"10-OCT-2012"
"Deritis Playground"|"2741565"|"Park"|"Philadelphia"|"PA"|"395554N"|"0751313W"|"59"|"Philadelphia"|""|"10-OCT-2012"
"DiSilvestro Playground"|"2741566"|"Park"|"Philadelphia"|"PA"|"395545N"|"0751012W"|"23"|"Philadelphia"|""|"10-OCT-2012"
"Diamond Park"|"2741567"|"Park"|"Philadelphia"|"PA"|"395907N"|"0750946W"|"92"|"Philadelphia"|""|"10-OCT-2012"
"Dickinson Square"|"1173253"|"Park"|"Philadelphia"|"PA"|"395540N"|"0750907W"|"23"|"Philadelphia"|""|"02-AUG-1979"
"Disston Park"|"1173298"|"Park"|"Philadelphia"|"PA"|"400117N"|"0750234W"|"33"|"Frankford"|""|"02-AUG-1979"
"Donald Finnegan Playground"|"2741568"|"Park"|"Philadelphia"|"PA"|"395618N"|"0751134W"|"33"|"Philadelphia"|""|"10-OCT-2012"
"Donnelly Park"|"2741569"|"Park"|"Philadelphia"|"PA"|"395544N"|"0750858W"|"20"|"Philadelphia"|""|"10-OCT-2012"
"Dorsey Playground"|"2741570"|"Park"|"Philadelphia"|"PA"|"400118N"|"0750253W"|"36"|"Frankford"|""|"10-OCT-2012"
"Duckrey Playground"|"2741571"|"Park"|"Philadelphia"|"PA"|"395911N"|"0750931W"|"85"|"Philadelphia"|""|"10-OCT-2012"
"Eakins Oval"|"2741572"|"Park"|"Philadelphia"|"PA"|"395750N"|"0751043W"|"43"|"Philadelphia"|""|"10-OCT-2012"
"East Fairmount Park"|"2740946"|"Park"|"Philadelphia"|"PA"|"395856N"|"0751132W"|"118"|"Philadelphia"|""|"01-OCT-2012"
"East Poplar Playground"|"2741573"|"Park"|"Philadelphia"|"PA"|"395801N"|"0750904W"|"36"|"Philadelphia"|""|"10-OCT-2012"
"East Triangle"|"2741574"|"Park"|"Philadelphia"|"PA"|"395727N"|"0751012W"|"30"|"Philadelphia"|""|"10-OCT-2012"
"Eastwick Park"|"1207053"|"Park"|"Philadelphia"|"PA"|"395421N"|"0751414W"|"7"|"Philadelphia"|""|"01-JAN-1990"
"Eastwick Regional Park"|"2741575"|"Park"|"Philadelphia"|"PA"|"395418N"|"0751503W"|"16"|"Lansdowne"|""|"10-OCT-2012"
"Edgar Allan Poe National Historic Site"|"1888911"|"Park"|"Philadelphia"|"PA"|"395743N"|"0750900W"|"43"|"Philadelphia"|""|"06-NOV-2000"
"Elmwood Park"|"1174180"|"Park"|"Philadelphia"|"PA"|"395448N"|"0751416W"|"36"|"Philadelphia"|""|"02-AUG-1979"
"Etting Square"|"2741577"|"Park"|"Philadelphia"|"PA"|"400021N"|"0751027W"|"131"|"Germantown"|""|"10-OCT-2012"
"Fairhill Square"|"1174440"|"Park"|"Philadelphia"|"PA"|"395927N"|"0750821W"|"75"|"Philadelphia"|""|"02-AUG-1979"
"Fairmount Park"|"1174453"|"Park"|"Philadelphia"|"PA"|"395900N"|"0751236W"|"121"|"Philadelphia"|""|"02-AUG-1979"
"Fairmount Park Athletic Field"|"2348265"|"Park"|"Philadelphia"|"PA"|"395927N"|"0751132W"|"115"|"Philadelphia"|""|"23-AUG-2007"
"Fairview Park"|"2741578"|"Park"|"Philadelphia"|"PA"|"400149N"|"0751313W"|"262"|"Germantown"|""|"10-OCT-2012"
"Fernhill Park"|"1174704"|"Park"|"Philadelphia"|"PA"|"400106N"|"0751008W"|"203"|"Germantown"|""|"02-AUG-1979"
"Fisher Park"|"1174819"|"Park"|"Philadelphia"|"PA"|"400236N"|"0750752W"|"180"|"Germantown"|""|"02-AUG-1979"
"Fitler Square"|"2741582"|"Park"|"Philadelphia"|"PA"|"395651N"|"0751047W"|"36"|"Philadelphia"|""|"10-OCT-2012"
"Fitzpatrick Playground"|"2741583"|"Park"|"Philadelphia"|"PA"|"400548N"|"0745815W"|"79"|"Beverly"|""|"10-OCT-2012"
"Fluehr Park"|"2741584"|"Park"|"Philadelphia"|"PA"|"400317N"|"0745923W"|"66"|"Beverly"|""|"10-OCT-2012"
"Foglietta Plaza"|"2741585"|"Park"|"Philadelphia"|"PA"|"395641N"|"0750835W"|"13"|"Philadelphia"|""|"10-OCT-2012"
"Fotterall Square"|"1175044"|"Park"|"Philadelphia"|"PA"|"395921N"|"0750904W"|"89"|"Philadelphia"|""|"02-AUG-1979"
"Fox Chase Playground"|"2348354"|"Park"|"Philadelphia"|"PA"|"400423N"|"0750454W"|"203"|"Frankford"|""|"23-AUG-2007"
"Fox Square"|"1175111"|"Park"|"Philadelphia"|"PA"|"395926N"|"0750549W"|"16"|"Camden"|""|"02-AUG-1979"
"Francisville Playground"|"1175131"|"Park"|"Philadelphia"|"PA"|"395806N"|"0751003W"|"102"|"Philadelphia"|""|"02-AUG-1979"
"Frank Glavin Playground"|"2741610"|"Park"|"Philadelphia"|"PA"|"395911N"|"0750605W"|"13"|"Camden"|""|"11-OCT-2012"
"Franklin Field"|"1175151"|"Park"|"Philadelphia"|"PA"|"395659N"|"0751126W"|"39"|"Philadelphia"|""|"02-AUG-1979"
"Franklin Playground"|"1207915"|"Park"|"Philadelphia"|"PA"|"395936N"|"0750659W"|"30"|"Camden"|""|"01-MAR-1990"
"Franklin Square"|"1175177"|"Park"|"Philadelphia"|"PA"|"395719N"|"0750903W"|"39"|"Philadelphia"|""|"02-AUG-1979"
"Gambrell Playground"|"1191275"|"Park"|"Philadelphia"|"PA"|"400049N"|"0750435W"|"33"|"Frankford"|""|"02-AUG-1979"
"Garden Court"|"2741588"|"Park"|"Philadelphia"|"PA"|"395712N"|"0751259W"|"85"|"Philadelphia"|""|"10-OCT-2012"
"Gifford Playground"|"2741605"|"Park"|"Philadelphia"|"PA"|"400655N"|"0750130W"|"220"|"Frankford"|""|"11-OCT-2012"
"Gilbert Stuart Park"|"2741606"|"Park"|"Philadelphia"|"PA"|"400151N"|"0751001W"|"230"|"Germantown"|""|"11-OCT-2012"
"Girard Park"|"1175642"|"Park"|"Philadelphia"|"PA"|"395513N"|"0751101W"|"23"|"Philadelphia"|""|"02-AUG-1979"
"Gloria Dei Church National Historic Site"|"1888924"|"Park"|"Philadelphia"|"PA"|"395602N"|"0750839W"|"16"|"Philadelphia"|""|"06-NOV-2000"
"Gold Star Park"|"2741617"|"Park"|"Philadelphia"|"PA"|"395559N"|"0750919W"|"26"|"Philadelphia"|""|"11-OCT-2012"
"Gorgas Park"|"1175841"|"Park"|"Philadelphia"|"PA"|"400213N"|"0751316W"|"312"|"Germantown"|""|"02-AUG-1979"
"Granahan Playground"|"2741623"|"Park"|"Philadelphia"|"PA"|"395809N"|"0751501W"|"171"|"Lansdowne"|""|"11-OCT-2012"
"Gray's Ferry Crescent"|"2741627"|"Park"|"Philadelphia"|"PA"|"395635N"|"0751209W"|"7"|"Philadelphia"|""|"11-OCT-2012"
"Haddington Park (historical)"|"2347759"|"Park"|"Philadelphia"|"PA"|"395758N"|"0751400W"|"112"|"Philadelphia"|""|"23-AUG-2007"
"Hagert Playground"|"2741631"|"Park"|"Philadelphia"|"PA"|"395901N"|"0750742W"|"26"|"Philadelphia"|""|"11-OCT-2012"
"Hamilton Plaza"|"2741632"|"Park"|"Philadelphia"|"PA"|"400033N"|"0750818W"|"112"|"Germantown"|""|"11-OCT-2012"
"Hancock Playground"|"2741633"|"Park"|"Philadelphia"|"PA"|"395822N"|"0750815W"|"23"|"Philadelphia"|""|"11-OCT-2012"
"Happy Hollow Playground"|"2740996"|"Park"|"Philadelphia"|"PA"|"400126N"|"0751000W"|"197"|"Germantown"|""|"01-OCT-2012"
"Harpers Hollow Park"|"1176566"|"Park"|"Philadelphia"|"PA"|"400231N"|"0750902W"|"184"|"Germantown"|""|"02-AUG-1979"
"Harrowgate Park"|"1175484"|"Park"|"Philadelphia"|"PA"|"395957N"|"0750622W"|"33"|"Camden"|""|"02-AUG-1979"
"Hart Playground"|"2741634"|"Park"|"Philadelphia"|"PA"|"395818N"|"0750834W"|"23"|"Philadelphia"|""|"11-OCT-2012"
"Hawthorne Park"|"2741635"|"Park"|"Philadelphia"|"PA"|"395626N"|"0750945W"|"30"|"Philadelphia"|""|"11-OCT-2012"
"Hawthorne Playground"|"2741636"|"Park"|"Philadelphia"|"PA"|"395619N"|"0750949W"|"26"|"Philadelphia"|""|"11-OCT-2012"
"Hayes Playground"|"1207968"|"Park"|"Philadelphia"|"PA"|"400529N"|"0750113W"|"154"|"Frankford"|""|"01-MAR-1990"
"Hedge Street Park"|"2741637"|"Park"|"Philadelphia"|"PA"|"400050N"|"0750459W"|"56"|"Frankford"|""|"11-OCT-2012"
"Heitzman Playground"|"2741638"|"Park"|"Philadelphia"|"PA"|"395952N"|"0750554W"|"30"|"Camden"|""|"11-OCT-2012"
"Heritage Park Playground"|"2741639"|"Park"|"Philadelphia"|"PA"|"400003N"|"0750920W"|"98"|"Germantown"|""|"11-OCT-2012"
"Herron Playground"|"2741640"|"Park"|"Philadelphia"|"PA"|"395551N"|"0750855W"|"16"|"Philadelphia"|""|"11-OCT-2012"
"Hetzell Playground"|"2741641"|"Park"|"Philadelphia"|"PA"|"395820N"|"0750752W"|"30"|"Philadelphia"|""|"11-OCT-2012"
"Hissey Center"|"1207916"|"Park"|"Philadelphia"|"PA"|"395940N"|"0750723W"|"39"|"Camden"|""|"01-MAR-1990"
"Historic Rittenhouse Town"|"1197508"|"Park"|"Philadelphia"|"PA"|"400144N"|"0751106W"|"194"|"Germantown"|""|"30-AUG-1990"
"Holme Crispin Park"|"2741643"|"Park"|"Philadelphia"|"PA"|"400327N"|"0750113W"|"75"|"Frankford"|""|"11-OCT-2012"
"Holme Playground"|"2741644"|"Park"|"Philadelphia"|"PA"|"400323N"|"0750037W"|"66"|"Frankford"|""|"11-OCT-2012"
"Holmesburg Playground"|"2741645"|"Park"|"Philadelphia"|"PA"|"400210N"|"0750138W"|"62"|"Frankford"|""|"11-OCT-2012"
"Houseman Playground"|"2741647"|"Park"|"Philadelphia"|"PA"|"400145N"|"0750537W"|"98"|"Frankford"|""|"11-OCT-2012"
"Howard and Reed Park"|"2741648"|"Park"|"Philadelphia"|"PA"|"395549N"|"0750849W"|"10"|"Philadelphia"|""|"11-OCT-2012"
"Howell Park"|"2741649"|"Park"|"Philadelphia"|"PA"|"400151N"|"0751007W"|"243"|"Germantown"|""|"11-OCT-2012"
"Hunting Park"|"1208079"|"Park"|"Philadelphia"|"PA"|"400101N"|"0750837W"|"115"|"Germantown"|""|"01-APR-1990"
"Independence Mall State Park"|"1177724"|"Park"|"Philadelphia"|"PA"|"395707N"|"0750858W"|"36"|"Philadelphia"|""|"02-AUG-1979"
"Independence National Historical Park"|"1177725"|"Park"|"Philadelphia"|"PA"|"395706N"|"0750858W"|"36"|"Philadelphia"|""|"02-AUG-1979"
"Independence Visitor Center"|"2044558"|"Park"|"Philadelphia"|"PA"|"395704N"|"0750900W"|"33"|"Philadelphia"|""|"23-AUG-2004"
"Irish Memorial"|"2741650"|"Park"|"Philadelphia"|"PA"|"395652N"|"0750831W"|"33"|"Philadelphia"|""|"11-OCT-2012"
"J Finnegan Playground"|"2349610"|"Park"|"Philadelphia"|"PA"|"395454N"|"0751356W"|"26"|"Philadelphia"|""|"23-AUG-2007"
"Jacobs Playground"|"2741665"|"Park"|"Philadelphia"|"PA"|"400305N"|"0750009W"|"75"|"Frankford"|""|"12-OCT-2012"
"James Allen Shuler Playground"|"2741841"|"Park"|"Philadelphia"|"PA"|"400005N"|"0751029W"|"151"|"Germantown"|""|"17-OCT-2012"
"James Ramp Memorial Recreation Center (historical)"|"1207930"|"Park"|"Philadelphia"|"PA"|"400256N"|"0750129W"|"75"|"Frankford"|""|"01-MAR-1990"
"Jardel Playground"|"1207964"|"Park"|"Philadelphia"|"PA"|"400321N"|"0750437W"|"135"|"Frankford"|""|"01-MAR-1990"
"Jefferson Playground"|"2741666"|"Park"|"Philadelphia"|"PA"|"395846N"|"0751104W"|"79"|"Philadelphia"|""|"12-OCT-2012"
"Jefferson Square"|"1178025"|"Park"|"Philadelphia"|"PA"|"395600N"|"0750902W"|"26"|"Philadelphia"|""|"02-AUG-1979"
"Jerome Brown Playground"|"2741667"|"Park"|"Philadelphia"|"PA"|"400023N"|"0750941W"|"131"|"Germantown"|""|"12-OCT-2012"
"John F Kennedy Plaza"|"2741668"|"Park"|"Philadelphia"|"PA"|"395715N"|"0750957W"|"36"|"Philadelphia"|""|"12-OCT-2012"
"John Heinz National Wildlife Refuge at Tinicum"|"2765350"|"Park"|"Delaware"|"PA"|"395251N"|"0751627W"|"0"|"Lansdowne"|""|"08-MAR-2015"
"Julian Abele Park"|"2741669"|"Park"|"Philadelphia"|"PA"|"395627N"|"0751046W"|"39"|"Philadelphia"|""|"12-OCT-2012"
"Juniata Park"|"1178199"|"Park"|"Philadelphia"|"PA"|"400052N"|"0750614W"|"62"|"Frankford"|""|"02-AUG-1979"
"Junod Playground"|"2741670"|"Park"|"Philadelphia"|"PA"|"400612N"|"0745810W"|"108"|"Beverly"|""|"12-OCT-2012"
"Kay Park"|"2741671"|"Park"|"Philadelphia"|"PA"|"400120N"|"0751000W"|"217"|"Germantown"|""|"12-OCT-2012"
"Kemble Park"|"1178347"|"Park"|"Philadelphia"|"PA"|"400223N"|"0750857W"|"184"|"Germantown"|""|"02-AUG-1979"
"Kendrick Playground"|"2349189"|"Park"|"Philadelphia"|"PA"|"400143N"|"0751245W"|"259"|"Germantown"|""|"23-AUG-2007"
"Kensington Rambler Park"|"2741827"|"Park"|"Philadelphia"|"PA"|"400006N"|"0750645W"|"79"|"Frankford"|""|"17-OCT-2012"
"Kingsessing Park"|"1178504"|"Park"|"Philadelphia"|"PA"|"395633N"|"0751303W"|"75"|"Philadelphia"|""|"02-AUG-1979"
"Kingsessing Playground"|"2349224"|"Park"|"Philadelphia"|"PA"|"395604N"|"0751345W"|"79"|"Philadelphia"|""|"23-AUG-2007"
"Konrad Square"|"2741673"|"Park"|"Philadelphia"|"PA"|"395846N"|"0750741W"|"23"|"Philadelphia"|""|"12-OCT-2012"
"Kopernicus Triangle"|"2741674"|"Park"|"Philadelphia"|"PA"|"395724N"|"0751006W"|"33"|"Philadelphia"|""|"12-OCT-2012"
"Korean War Veterans Memorial"|"2741675"|"Park"|"Philadelphia"|"PA"|"395642N"|"0750836W"|"10"|"Philadelphia"|""|"12-OCT-2012"
"La Noce Park"|"2741676"|"Park"|"Philadelphia"|"PA"|"400104N"|"0751239W"|"118"|"Germantown"|""|"12-OCT-2012"
"Lackman Playground"|"2741677"|"Park"|"Philadelphia"|"PA"|"400601N"|"0750159W"|"161"|"Frankford"|""|"12-OCT-2012"
"Lanier Park"|"1178872"|"Park"|"Philadelphia"|"PA"|"395558N"|"0751139W"|"33"|"Philadelphia"|""|"02-AUG-1979"
"Lanza Park"|"2741679"|"Park"|"Philadelphia"|"PA"|"395615N"|"0750850W"|"26"|"Philadelphia"|""|"12-OCT-2012"
"Lardner Point"|"2741680"|"Park"|"Philadelphia"|"PA"|"400056N"|"0750246W"|"10"|"Frankford"|""|"12-OCT-2012"
"Lawncrest Playground"|"2349283"|"Park"|"Philadelphia"|"PA"|"400247N"|"0750607W"|"151"|"Frankford"|""|"23-AUG-2007"
"Levy Park"|"2741681"|"Park"|"Philadelphia"|"PA"|"395719N"|"0751001W"|"30"|"Philadelphia"|""|"12-OCT-2012"
"Liberty Bell Park (historical)"|"1179256"|"Park"|"Philadelphia"|"PA"|"400519N"|"0745739W"|"92"|"Beverly"|""|"02-AUG-1979"
"Lighthouse Field"|"1208082"|"Park"|"Philadelphia"|"PA"|"400024N"|"0750732W"|"98"|"Germantown"|""|"01-APR-1990"
"Lincoln Financial Field"|"2013946"|"Park"|"Philadelphia"|"PA"|"395405N"|"0751002W"|"10"|"Philadelphia"|""|"14-NOV-2003"
"Lindbergh Park"|"2741682"|"Park"|"Philadelphia"|"PA"|"395513N"|"0751326W"|"26"|"Philadelphia"|""|"12-OCT-2012"
"Lindley Playground"|"1208017"|"Park"|"Philadelphia"|"PA"|"400149N"|"0750809W"|"125"|"Germantown"|""|"01-MAR-1990"
"Loudoun Mansion"|"2741684"|"Park"|"Philadelphia"|"PA"|"400132N"|"0750938W"|"207"|"Germantown"|""|"12-OCT-2012"
"Loudoun Park"|"2741683"|"Park"|"Philadelphia"|"PA"|"400133N"|"0750940W"|"203"|"Germantown"|""|"12-OCT-2012"
"Louis Kahn Park"|"2741685"|"Park"|"Philadelphia"|"PA"|"395643N"|"0750936W"|"36"|"Philadelphia"|""|"12-OCT-2012"
"Lovett Park"|"2741686"|"Park"|"Philadelphia"|"PA"|"400323N"|"0751114W"|"338"|"Germantown"|""|"12-OCT-2012"
"Lower Mayfair Playground"|"2741687"|"Park"|"Philadelphia"|"PA"|"400146N"|"0750340W"|"85"|"Frankford"|""|"12-OCT-2012"
"Maguire Playground"|"2741688"|"Park"|"Philadelphia"|"PA"|"395930N"|"0750759W"|"62"|"Philadelphia"|""|"12-OCT-2012"
"Malcolm X Memorial Park"|"1169721"|"Park"|"Philadelphia"|"PA"|"395709N"|"0751332W"|"102"|"Philadelphia"|""|"02-AUG-1979"
"Mallery Playground"|"1208024"|"Park"|"Philadelphia"|"PA"|"400253N"|"0751045W"|"325"|"Germantown"|""|"01-MAR-1990"
"Marconi Plaza"|"1180392"|"Park"|"Philadelphia"|"PA"|"395455N"|"0751019W"|"20"|"Philadelphia"|""|"02-AUG-1979"
"Marie Dendy Playground"|"2741563"|"Park"|"Philadelphia"|"PA"|"395832N"|"0750903W"|"62"|"Philadelphia"|""|"10-OCT-2012"
"Market Square"|"2741691"|"Park"|"Philadelphia"|"PA"|"400204N"|"0751020W"|"230"|"Germantown"|""|"12-OCT-2012"
"Markward Playground"|"2741735"|"Park"|"Philadelphia"|"PA"|"395652N"|"0751102W"|"13"|"Philadelphia"|""|"15-OCT-2012"
"Matthias Baldwin Park"|"2741736"|"Park"|"Philadelphia"|"PA"|"395741N"|"0751008W"|"52"|"Philadelphia"|""|"15-OCT-2012"
"Max Myers Playground"|"1207965"|"Park"|"Philadelphia"|"PA"|"400218N"|"0750411W"|"108"|"Frankford"|""|"01-MAR-1990"
"Mayfair Playground"|"2741737"|"Park"|"Philadelphia"|"PA"|"400222N"|"0750312W"|"102"|"Frankford"|""|"15-OCT-2012"
"McArdle Park"|"2741738"|"Park"|"Philadelphia"|"PA"|"400339N"|"0750134W"|"95"|"Frankford"|""|"15-OCT-2012"
"McCreesh Playground"|"2741740"|"Park"|"Philadelphia"|"PA"|"395535N"|"0751424W"|"66"|"Philadelphia"|""|"15-OCT-2012"
"McIlvain Playground"|"2348378"|"Park"|"Philadelphia"|"PA"|"400128N"|"0750449W"|"56"|"Frankford"|""|"23-AUG-2007"
"McKinley Playground"|"1192917"|"Park"|"Philadelphia"|"PA"|"395958N"|"0750719W"|"62"|"Camden"|""|"02-AUG-1979"
"McMichael Park"|"2741741"|"Park"|"Philadelphia"|"PA"|"400106N"|"0751115W"|"213"|"Germantown"|""|"15-OCT-2012"
"McPherson Square"|"1180804"|"Park"|"Philadelphia"|"PA"|"395941N"|"0750708W"|"52"|"Camden"|""|"02-AUG-1979"
"Merritt Square"|"2741742"|"Park"|"Philadelphia"|"PA"|"400015N"|"0750609W"|"46"|"Frankford"|""|"15-OCT-2012"
"Mifflin Square"|"1181091"|"Park"|"Philadelphia"|"PA"|"395509N"|"0750925W"|"13"|"Philadelphia"|""|"02-AUG-1979"
"Miles Mack Playground"|"2741743"|"Park"|"Philadelphia"|"PA"|"395803N"|"0751145W"|"89"|"Philadelphia"|""|"15-OCT-2012"
"Mill Creek Playground"|"2741744"|"Park"|"Philadelphia"|"PA"|"395757N"|"0751258W"|"82"|"Philadelphia"|""|"15-OCT-2012"
"Mitchell Playground"|"2741745"|"Park"|"Philadelphia"|"PA"|"400404N"|"0745927W"|"95"|"Beverly"|""|"15-OCT-2012"
"Mollbore Terrace Square"|"2741782"|"Park"|"Philadelphia"|"PA"|"395457N"|"0751005W"|"20"|"Philadelphia"|""|"16-OCT-2012"
"Monkiewicz Playground"|"2741783"|"Park"|"Philadelphia"|"PA"|"395859N"|"0750602W"|"16"|"Camden"|""|"16-OCT-2012"
"Montgomery and Croskey Playground"|"2741784"|"Park"|"Philadelphia"|"PA"|"395856N"|"0751018W"|"105"|"Philadelphia"|""|"16-OCT-2012"
"Morris Arboretum"|"1181567"|"Park"|"Montgomery"|"PA"|"400518N"|"0751316W"|"190"|"Germantown"|""|"02-AUG-1979"
"Morris Estate Park"|"2741786"|"Park"|"Philadelphia"|"PA"|"400326N"|"0750844W"|"236"|"Germantown"|""|"16-OCT-2012"
"Morris Park"|"1181571"|"Park"|"Philadelphia"|"PA"|"395847N"|"0751528W"|"194"|"Lansdowne"|""|"02-AUG-1979"
"Morton Playground"|"2741788"|"Park"|"Philadelphia"|"PA"|"400227N"|"0751028W"|"226"|"Germantown"|""|"16-OCT-2012"
"Moss Playground"|"1175030"|"Park"|"Philadelphia"|"PA"|"400100N"|"0750348W"|"39"|"Frankford"|""|"02-AUG-1979"
"Mount Airy Playground"|"2349050"|"Park"|"Philadelphia"|"PA"|"400328N"|"0751118W"|"367"|"Germantown"|""|"23-AUG-2007"
"Mullin Playground"|"2741789"|"Park"|"Philadelphia"|"PA"|"400157N"|"0750233W"|"69"|"Frankford"|""|"16-OCT-2012"
"National Constitution Center"|"2044557"|"Park"|"Philadelphia"|"PA"|"395711N"|"0750858W"|"36"|"Philadelphia"|""|"23-AUG-2004"
"Nelson Playground"|"2741790"|"Park"|"Philadelphia"|"PA"|"395920N"|"0750817W"|"59"|"Philadelphia"|""|"16-OCT-2012"
"Newhall Park"|"2741791"|"Park"|"Philadelphia"|"PA"|"400138N"|"0751028W"|"233"|"Germantown"|""|"16-OCT-2012"
"Nicetown Park"|"2741792"|"Park"|"Philadelphia"|"PA"|"400112N"|"0750919W"|"108"|"Germantown"|""|"16-OCT-2012"
"Nichols Park"|"2741793"|"Park"|"Philadelphia"|"PA"|"395748N"|"0751347W"|"108"|"Philadelphia"|""|"16-OCT-2012"
"Norris Square"|"1182507"|"Park"|"Philadelphia"|"PA"|"395857N"|"0750805W"|"36"|"Philadelphia"|""|"02-AUG-1979"
"Northwood Park"|"1182686"|"Park"|"Philadelphia"|"PA"|"400122N"|"0750534W"|"72"|"Frankford"|""|"02-AUG-1979"
"Old Line Park"|"2741795"|"Park"|"Philadelphia"|"PA"|"400405N"|"0751414W"|"413"|"Germantown"|""|"16-OCT-2012"
"Olney Playground"|"2349527"|"Park"|"Philadelphia"|"PA"|"400236N"|"0750700W"|"138"|"Frankford"|""|"23-AUG-2007"
"Ottinger Tract"|"2741796"|"Park"|"Philadelphia"|"PA"|"400243N"|"0751506W"|"59"|"Norristown"|""|"16-OCT-2012"
"Overington Park"|"2741797"|"Park"|"Philadelphia"|"PA"|"400100N"|"0750517W"|"85"|"Frankford"|""|"16-OCT-2012"
"Palmer Park"|"2741798"|"Park"|"Philadelphia"|"PA"|"395830N"|"0750757W"|"30"|"Philadelphia"|""|"16-OCT-2012"
"Palmer Playground"|"2741799"|"Park"|"Philadelphia"|"PA"|"400542N"|"0745917W"|"105"|"Beverly"|""|"16-OCT-2012"
"Palumbo Playground"|"1183234"|"Park"|"Philadelphia"|"PA"|"395629N"|"0750929W"|"36"|"Philadelphia"|""|"02-AUG-1979"
"Panati Playground"|"2741800"|"Park"|"Philadelphia"|"PA"|"400007N"|"0750959W"|"125"|"Germantown"|""|"16-OCT-2012"
"Paolone Park"|"2741801"|"Park"|"Philadelphia"|"PA"|"395557N"|"0750926W"|"23"|"Unknown"|""|"16-OCT-2012"
"Papa Playground"|"2741802"|"Park"|"Philadelphia"|"PA"|"395910N"|"0751918W"|"331"|"Lansdowne"|""|"16-OCT-2012"
"Park Towne"|"2741803"|"Park"|"Philadelphia"|"PA"|"395740N"|"0751036W"|"23"|"Philadelphia"|""|"16-OCT-2012"
"Parkside Evans Playground"|"2741804"|"Park"|"Philadelphia"|"PA"|"395917N"|"0751339W"|"203"|"Philadelphia"|""|"16-OCT-2012"
"Passyunk Square"|"1183355"|"Park"|"Philadelphia"|"PA"|"395558N"|"0750955W"|"23"|"Philadelphia"|""|"02-AUG-1979"
"Pastorius Park"|"1183356"|"Park"|"Philadelphia"|"PA"|"400418N"|"0751218W"|"371"|"Germantown"|""|"02-AUG-1979"
"Pelbano Playground"|"2741805"|"Park"|"Philadelphia"|"PA"|"400358N"|"0750308W"|"138"|"Frankford"|""|"16-OCT-2012"
"Penn Treaty Park"|"1183549"|"Park"|"Philadelphia"|"PA"|"395759N"|"0750742W"|"7"|"Philadelphia"|""|"02-AUG-1979"
"Pennwalt Park"|"2741806"|"Park"|"Philadelphia"|"PA"|"395719N"|"0751000W"|"33"|"Philadelphia"|""|"16-OCT-2012"
"Pennypack Park"|"1183555"|"Park"|"Philadelphia"|"PA"|"400323N"|"0750211W"|"49"|"Frankford"|""|"02-AUG-1979"
"Pennypack and Frankford Park"|"2741807"|"Park"|"Philadelphia"|"PA"|"400250N"|"0750049W"|"72"|"Frankford"|""|"16-OCT-2012"
"Pennypack on the Delaware"|"2741808"|"Park"|"Philadelphia"|"PA"|"400151N"|"0750036W"|"33"|"Frankford"|""|"16-OCT-2012"
"Penrose Playground"|"2741809"|"Park"|"Philadelphia"|"PA"|"395910N"|"0750905W"|"72"|"Philadelphia"|""|"16-OCT-2012"
"Pepper School Playground"|"2741810"|"Park"|"Philadelphia"|"PA"|"395351N"|"0751503W"|"7"|"Lansdowne"|""|"16-OCT-2012"
"Picariello Playground"|"2741811"|"Park"|"Philadelphia"|"PA"|"400444N"|"0745927W"|"105"|"Beverly"|""|"16-OCT-2012"
"Piccoli Playground"|"2741812"|"Park"|"Philadelphia"|"PA"|"400054N"|"0750552W"|"52"|"Frankford"|""|"16-OCT-2012"
"Pleasant Playground"|"2349831"|"Park"|"Philadelphia"|"PA"|"400326N"|"0751057W"|"325"|"Germantown"|""|"23-AUG-2007"
"Pleasanthill Park"|"1207900"|"Park"|"Philadelphia"|"PA"|"400233N"|"0745933W"|"16"|"Beverly"|""|"01-MAR-1990"
"Point Breeze Park (historical)"|"1207054"|"Park"|"Philadelphia"|"PA"|"395412N"|"0751144W"|"49"|"Philadelphia"|""|"01-JAN-1990"
"Poquessing Creek Park"|"2741813"|"Park"|"Philadelphia"|"PA"|"400740N"|"0745952W"|"177"|"Langhorne"|""|"17-OCT-2012"
"Powers Park"|"2741825"|"Park"|"Philadelphia"|"PA"|"395859N"|"0750631W"|"26"|"Camden"|""|"17-OCT-2012"
"Ralph Brooks Park"|"2741826"|"Park"|"Philadelphia"|"PA"|"395553N"|"0751040W"|"33"|"Philadelphia"|""|"17-OCT-2012"
"Ramp Playground"|"2740997"|"Park"|"Philadelphia"|"PA"|"400251N"|"0750130W"|"82"|"Frankford"|""|"01-OCT-2012"
"Ravenhill Athletic Field"|"2114839"|"Park"|"Philadelphia"|"PA"|"400051N"|"0751142W"|"187"|"Germantown"|""|"04-APR-2007"
"Reed Playground"|"2741829"|"Park"|"Philadelphia"|"PA"|"400009N"|"0750800W"|"89"|"Germantown"|""|"17-OCT-2012"
"Reyburn Park"|"1184965"|"Park"|"Philadelphia"|"PA"|"395938N"|"0751000W"|"108"|"Philadelphia"|""|"02-AUG-1979"
"Richmond Playground"|"1207917"|"Park"|"Philadelphia"|"PA"|"395900N"|"0750659W"|"26"|"Camden"|""|"01-MAR-1990"
"Ridgeway Park"|"2741830"|"Park"|"Philadelphia"|"PA"|"395620N"|"0750952W"|"26"|"Philadelphia"|""|"17-OCT-2012"
"Rittenhouse Square"|"1185119"|"Park"|"Philadelphia"|"PA"|"395657N"|"0751021W"|"49"|"Philadelphia"|""|"02-AUG-1979"
"River Field"|"2741831"|"Park"|"Philadelphia"|"PA"|"395744N"|"0751042W"|"36"|"Philadelphia"|""|"17-OCT-2012"
"Roosevelt Park"|"1185427"|"Park"|"Philadelphia"|"PA"|"395409N"|"0751045W"|"3"|"Philadelphia"|""|"02-AUG-1979"
"Roosevelt Playground"|"1185428"|"Park"|"Philadelphia"|"PA"|"400132N"|"0750314W"|"46"|"Frankford"|""|"02-AUG-1979"
"Rose Playground"|"2741832"|"Park"|"Philadelphia"|"PA"|"395908N"|"0751538W"|"203"|"Lansdowne"|""|"17-OCT-2012"
"Ross Park"|"2741833"|"Park"|"Philadelphia"|"PA"|"395958N"|"0750848W"|"72"|"Philadelphia"|""|"17-OCT-2012"
"Russo Park Playground"|"1189233"|"Park"|"Philadelphia"|"PA"|"400146N"|"0750200W"|"36"|"Frankford"|""|"02-AUG-1979"
"Sacks Playground"|"2741834"|"Park"|"Philadelphia"|"PA"|"395604N"|"0750907W"|"26"|"Philadelphia"|""|"17-OCT-2012"
"Sayre Morris Playground"|"2741835"|"Park"|"Philadelphia"|"PA"|"395722N"|"0751419W"|"105"|"Philadelphia"|""|"17-OCT-2012"
"Schmidt Playground"|"2741836"|"Park"|"Philadelphia"|"PA"|"400006N"|"0750744W"|"79"|"Germantown"|""|"17-OCT-2012"
"Schuylkill River Park"|"2741837"|"Park"|"Philadelphia"|"PA"|"395656N"|"0751055W"|"16"|"Philadelphia"|""|"17-OCT-2012"
"Scotts Playground"|"1208016"|"Park"|"Philadelphia"|"PA"|"400033N"|"0751111W"|"115"|"Germantown"|""|"01-MAR-1990"
"Seger Park Playground"|"2741156"|"Park"|"Philadelphia"|"PA"|"395637N"|"0750933W"|"36"|"Philadelphia"|""|"01-OCT-2012"
"Sherwood Park"|"1207949"|"Park"|"Philadelphia"|"PA"|"395648N"|"0751412W"|"92"|"Philadelphia"|""|"01-MAR-1990"
"Shevchenko Park"|"2741838"|"Park"|"Philadelphia"|"PA"|"400205N"|"0750843W"|"171"|"Germantown"|""|"17-OCT-2012"
"Shot Tower Playground"|"2741840"|"Park"|"Philadelphia"|"PA"|"395605N"|"0750847W"|"23"|"Philadelphia"|""|"17-OCT-2012"
"Simons Playground"|"2349452"|"Park"|"Philadelphia"|"PA"|"400339N"|"0750931W"|"302"|"Germantown"|""|"23-AUG-2007"
"Simpson Playground"|"2741842"|"Park"|"Philadelphia"|"PA"|"400116N"|"0750535W"|"66"|"Frankford"|""|"17-OCT-2012"
"Sisters City Square"|"2741843"|"Park"|"Philadelphia"|"PA"|"395726N"|"0751009W"|"30"|"Philadelphia"|""|"17-OCT-2012"
"Smith Playground"|"1187880"|"Park"|"Philadelphia"|"PA"|"395533N"|"0751116W"|"36"|"Philadelphia"|""|"02-AUG-1979"
"Somerton Woods"|"2741844"|"Park"|"Philadelphia"|"PA"|"400659N"|"0750048W"|"184"|"Frankford"|""|"17-OCT-2012"
"Starr Garden Playground"|"2350679"|"Park"|"Philadelphia"|"PA"|"395633N"|"0750912W"|"36"|"Philadelphia"|""|"23-AUG-2007"
"Stenton Park"|"1188603"|"Park"|"Philadelphia"|"PA"|"400127N"|"0750909W"|"108"|"Germantown"|""|"02-AUG-1979"
"Stinger Square"|"1188882"|"Park"|"Philadelphia"|"PA"|"395610N"|"0751154W"|"33"|"Philadelphia"|""|"02-AUG-1979"
"Stokley Playground"|"2741845"|"Park"|"Philadelphia"|"PA"|"395856N"|"0750625W"|"26"|"Camden"|""|"17-OCT-2012"
"Strawberry Mansion Playground"|"2741846"|"Park"|"Philadelphia"|"PA"|"395941N"|"0751113W"|"131"|"Philadelphia"|""|"17-OCT-2012"
"Sturgis Playground"|"2741847"|"Park"|"Philadelphia"|"PA"|"400321N"|"0750725W"|"213"|"Frankford"|""|"17-OCT-2012"
"Tacony Creek Park"|"1189232"|"Park"|"Philadelphia"|"PA"|"400057N"|"0750557W"|"49"|"Frankford"|""|"02-AUG-1979"
"Tarken Playground"|"1207960"|"Park"|"Philadelphia"|"PA"|"400230N"|"0750459W"|"98"|"Frankford"|""|"01-MAR-1990"
"Thaddeus Kosciuszko National Memorial"|"1888966"|"Park"|"Philadelphia"|"PA"|"395636N"|"0750850W"|"26"|"Philadelphia"|""|"06-NOV-2000"
"Tiptop Playground"|"1189599"|"Park"|"Philadelphia"|"PA"|"395759N"|"0750815W"|"13"|"Philadelphia"|""|"02-AUG-1979"
"Tolentine Community Park"|"2741848"|"Park"|"Philadelphia"|"PA"|"395535N"|"0750950W"|"26"|"Philadelphia"|""|"17-OCT-2012"
"Tomb of Unknown Soldier of Revolution (historical)"|"1196644"|"Park"|"Philadelphia"|"PA"|"395618N"|"0750913W"|"30"|"Philadelphia"|""|"30-AUG-1990"
"Torresdale Playground"|"2741849"|"Park"|"Philadelphia"|"PA"|"400331N"|"0745952W"|"85"|"Beverly"|""|"17-OCT-2012"
"Towey Playground"|"2741850"|"Park"|"Philadelphia"|"PA"|"395844N"|"0750805W"|"20"|"Philadelphia"|""|"17-OCT-2012"
"Trenton and Auburn Playground"|"2741851"|"Park"|"Philadelphia"|"PA"|"395911N"|"0750659W"|"20"|"Camden"|""|"17-OCT-2012"
"Triangle Park"|"2741852"|"Park"|"Philadelphia"|"PA"|"395901N"|"0751355W"|"207"|"Philadelphia"|""|"17-OCT-2012"
"Trumbette Playground"|"2741853"|"Park"|"Philadelphia"|"PA"|"400254N"|"0750012W"|"82"|"Frankford"|""|"17-OCT-2012"
"Tustin Playground"|"2741854"|"Park"|"Philadelphia"|"PA"|"395854N"|"0751422W"|"207"|"Philadelphia"|""|"17-OCT-2012"
"Vandergrift Park"|"2741855"|"Park"|"Philadelphia"|"PA"|"395919N"|"0750846W"|"95"|"Philadelphia"|""|"17-OCT-2012"
"Vare Playground"|"1190365"|"Park"|"Philadelphia"|"PA"|"395552N"|"0751124W"|"33"|"Philadelphia"|""|"02-AUG-1979"
"Vernon Park"|"1190382"|"Park"|"Philadelphia"|"PA"|"400207N"|"0751035W"|"233"|"Germantown"|""|"02-AUG-1979"
"Veterans Playground"|"2741856"|"Park"|"Philadelphia"|"PA"|"395923N"|"0750847W"|"95"|"Philadelphia"|""|"17-OCT-2012"
"Vietnam Memorial"|"2741857"|"Park"|"Philadelphia"|"PA"|"395638N"|"0750834W"|"26"|"Philadelphia"|""|"17-OCT-2012"
"Vine Street Park"|"2741858"|"Park"|"Philadelphia"|"PA"|"400252N"|"0745730W"|"16"|"Beverly"|""|"17-OCT-2012"
"Vogt Playground"|"1190451"|"Park"|"Philadelphia"|"PA"|"400145N"|"0750258W"|"56"|"Frankford"|""|"02-AUG-1979"
"Von Colln Field"|"2741859"|"Park"|"Philadelphia"|"PA"|"395750N"|"0751032W"|"52"|"Philadelphia"|""|"17-OCT-2012"
"Wachovia Center"|"2044560"|"Park"|"Philadelphia"|"PA"|"395407N"|"0751017W"|"16"|"Philadelphia"|""|"23-AUG-2004"
"Wachovia Spectrum (historical)"|"2044561"|"Park"|"Philadelphia"|"PA"|"395415N"|"0751016W"|"23"|"Philadelphia"|""|"23-AUG-2004"
"Wakefield Park"|"1180239"|"Park"|"Philadelphia"|"PA"|"400201N"|"0750902W"|"131"|"Germantown"|""|"02-AUG-1979"
"Walton Run Park"|"2741860"|"Park"|"Philadelphia"|"PA"|"400510N"|"0745920W"|"69"|"Beverly"|""|"17-OCT-2012"
"War Memorial"|"2741861"|"Park"|"Philadelphia"|"PA"|"400436N"|"0750457W"|"207"|"Frankford"|""|"17-OCT-2012"
"Washington Square"|"1190650"|"Park"|"Philadelphia"|"PA"|"395649N"|"0750910W"|"33"|"Philadelphia"|""|"02-AUG-1979"
"Waterloo Playground"|"2741863"|"Park"|"Philadelphia"|"PA"|"395917N"|"0750759W"|"52"|"Philadelphia"|""|"17-OCT-2012"
"Waterview Recreation Center"|"1190684"|"Park"|"Philadelphia"|"PA"|"400243N"|"0751005W"|"239"|"Germantown"|""|"02-AUG-1979"
"Webster Playground"|"1207928"|"Park"|"Philadelphia"|"PA"|"400005N"|"0750627W"|"39"|"Frankford"|""|"01-MAR-1990"
"Weccacoe Playground"|"2741864"|"Park"|"Philadelphia"|"PA"|"395618N"|"0750902W"|"30"|"Philadelphia"|""|"17-OCT-2012"
"Weinberg Park"|"2741865"|"Park"|"Philadelphia"|"PA"|"395517N"|"0750924W"|"16"|"Philadelphia"|""|"17-OCT-2012"
"West Mill Creek Playground"|"2741866"|"Park"|"Philadelphia"|"PA"|"395822N"|"0751320W"|"112"|"Philadelphia"|""|"17-OCT-2012"
"Wharton Square"|"1191207"|"Park"|"Philadelphia"|"PA"|"395607N"|"0751102W"|"33"|"Philadelphia"|""|"02-AUG-1979"
"Wilmot Park Playground"|"2741867"|"Park"|"Philadelphia"|"PA"|"400050N"|"0750450W"|"43"|"Frankford"|""|"17-OCT-2012"
"Winchester Commons Playground"|"2741869"|"Park"|"Philadelphia"|"PA"|"395920N"|"0750927W"|"82"|"Philadelphia"|""|"17-OCT-2012"
"Wingohocking Park"|"2741870"|"Park"|"Philadelphia"|"PA"|"400055N"|"0750850W"|"118"|"Germantown"|""|"17-OCT-2012"
"Winston Park"|"2741871"|"Park"|"Philadelphia"|"PA"|"400422N"|"0751156W"|"341"|"Germantown"|""|"17-OCT-2012"
"Wissahickon Neighbors Playground"|"2741872"|"Park"|"Philadelphia"|"PA"|"400118N"|"0751248W"|"121"|"Germantown"|""|"17-OCT-2012"
"Wissahickon Playground"|"1208022"|"Park"|"Philadelphia"|"PA"|"400136N"|"0751029W"|"230"|"Germantown"|""|"01-MAR-1990"
"Wissahickon Valley Park"|"2740945"|"Park"|"Philadelphia"|"PA"|"400329N"|"0751309W"|"108"|"Germantown"|""|"01-OCT-2012"
"Wissinoming Park"|"1191630"|"Park"|"Philadelphia"|"PA"|"400125N"|"0750406W"|"62"|"Frankford"|""|"02-AUG-1979"
"Wister Playground"|"2741868"|"Park"|"Philadelphia"|"PA"|"400157N"|"0750939W"|"220"|"Germantown"|""|"18-OCT-2012"
"Wister Woods Park"|"1191635"|"Park"|"Philadelphia"|"PA"|"400204N"|"0750923W"|"161"|"Germantown"|""|"02-AUG-1979"
"Wolf Park"|"2741873"|"Park"|"Philadelphia"|"PA"|"400256N"|"0751148W"|"308"|"Germantown"|""|"18-OCT-2012"
"Womrath Park"|"2741874"|"Park"|"Philadelphia"|"PA"|"400030N"|"0750527W"|"30"|"Frankford"|""|"18-OCT-2012"
"Woodward Pines Park"|"2741875"|"Park"|"Philadelphia"|"PA"|"400401N"|"0751210W"|"312"|"Germantown"|""|"18-OCT-2012"
"Ziehler Playground"|"1207959"|"Park"|"Philadelphia"|"PA"|"400206N"|"0750711W"|"144"|"Frankford"|""|"01-MAR-1990"
